country,iso2,iso3,updated_dt,population,cases,deaths,recovered,active,tests,cases_per_million,deaths_per_million,tests_per_million,cfr_percent,cases_pm_outlier
Brunei,BN,BRN,2026-03-04 04:10:44.783,445431.0,343719.0,225.0,243601.0,99893.0,717784.0,771654.8691043057,505.12874047832327,1611437.0126910792,0.06546044879683695,False
San Marino,SM,SMR,2026-03-04 04:10:44.857,34085.0,26185.0,128.0,26011.0,46.0,196855.0,768226.4925920493,3755.3175883819863,5775414.405163562,0.488829482528165,False
Faroe Islands,FO,FRO,2026-03-04 04:10:44.847,49233.0,34658.0,28.0,0.0,34630.0,778000.0,703958.7268701887,568.7242296833425,15802408.9533443,0.08078942812626233,False
S. Korea,KR,KOR,2026-03-04 04:10:44.645,51329899.0,34571873.0,35934.0,34535939.0,0.0,15804065.0,673523.1058997408,700.0598228334718,307891.9948780729,0.10393998612687255,False
Austria,AT,AUT,2026-03-04 04:10:44.677,9066710.0,6081287.0,22542.0,6054934.0,3811.0,211273524.0,670726.9781431193,2486.2381172442924,23302115.541359544,0.3706781146819744,False
Niue,NU,NIU,2026-03-04 04:10:44.915,1622.0,1059.0,0.0,1056.0,3.0,0.0,652897.657213317,0.0,0.0,0.0,False
Slovenia,SI,SVN,2026-03-04 04:10:44.723,2078034.0,1356546.0,7100.0,1349424.0,22.0,2847701.0,652802.6009199079,3416.69096848271,1370382.2940336876,0.5233880753030122,False
Andorra,AD,AND,2026-03-04 04:10:44.832,77463.0,48015.0,165.0,0.0,47850.0,249838.0,619844.3127686767,2130.0491847720846,3225255.928636898,0.3436426116838488,False
Martinique,MQ,MTQ,2026-03-04 04:10:44.792,374087.0,230354.0,1102.0,0.0,229252.0,828928.0,615776.5439590256,2945.838802203765,2215869.5704475166,0.4783941238268057,False
France,FR,FRA,2026-03-04 04:10:44.639,65584518.0,40138560.0,167642.0,39970918.0,0.0,271490188.0,612012.7314193267,2556.1215529555316,4139546.8973333,0.41765823188475126,False
Gibraltar,GI,GIB,2026-03-04 04:10:44.863,33704.0,20550.0,113.0,0.0,20437.0,534283.0,609719.9145502019,3352.7177783052457,15852213.387135059,0.5498783454987834,False
Luxembourg,LU,LUX,2026-03-04 04:10:44.773,642371.0,391232.0,1232.0,0.0,390000.0,4587145.0,609043.6834788619,1917.894799111417,7140959.040803523,0.31490266644855225,False
Iceland,IS,ISL,2026-03-04 04:10:44.793,345393.0,209906.0,229.0,0.0,209677.0,1996384.0,607730.9036373058,663.0128578170373,5780036.074848072,0.10909645269787428,False
Saint Pierre Miquelon,PM,SPM,2026-03-04 04:10:44.908,5759.0,3452.0,2.0,2449.0,1001.0,25400.0,599409.6197256468,347.28251432540367,4410487.931932627,0.057937427578215524,False
Greece,GR,GRC,2026-03-04 04:10:44.675,10316637.0,6101379.0,37869.0,0.0,6063510.0,102228365.0,591411.6198912495,3670.672914051352,9909078.413828071,0.6206629681585097,False
Channel Islands,JE,JEY,2026-03-04 04:10:44.807,176463.0,101717.0,228.0,101321.0,168.0,1252808.0,576421.1194414693,1292.0555583890107,7099550.614009736,0.22415132180461478,False
Liechtenstein,LI,LIE,2026-03-04 04:10:44.862,38387.0,21574.0,94.0,0.0,21480.0,112457.0,562013.1815458358,2448.7456691067287,2929559.4862844194,0.4357096505052378,False
Cyprus,CY,CYP,2026-03-04 04:10:44.750,1223387.0,681110.0,1365.0,679745.0,0.0,9640118.0,556741.2437764992,1115.7548674295215,7879859.766369922,0.20040815727268724,False
Portugal,PT,PRT,2026-03-04 04:10:44.679,10140570.0,5643062.0,28126.0,5614809.0,127.0,46139518.0,556483.7085094822,2773.611345318853,4549992.554659156,0.4984173485954965,False
St. Barth,BL,BLM,2026-03-04 04:10:44.902,9945.0,5507.0,6.0,0.0,5501.0,78646.0,553745.6008044244,603.3182503770739,7908094.519859226,0.10895224260032686,False
Denmark,DK,DNK,2026-03-04 04:10:44.701,5834950.0,3183756.0,8814.0,3174942.0,0.0,129333107.0,545635.5238690991,1510.5527896554383,22165246.83159239,0.27684282338219385,False
Falkland Islands (Malvinas),FK,FLK,2026-03-04 04:10:44.911,3539.0,1930.0,0.0,1930.0,0.0,8632.0,545351.794292173,0.0,2439107.0923989825,0.0,False
Réunion,RE,REU,2026-03-04 04:10:44.764,908061.0,494595.0,921.0,0.0,493674.0,1603660.0,544671.558408521,1014.2490427405208,1766026.7316843253,0.18621296212052285,False
New Zealand,NZ,NZL,2026-03-04 04:10:44.706,4898203.0,2621111.0,5697.0,2613791.0,1623.0,7768604.0,535116.8581620648,1163.0796028666023,1586011.0330257853,0.21735058149006278,False
Latvia,LV,LVA,2026-03-04 04:10:44.744,1848837.0,982505.0,6715.0,971406.0,4384.0,7885792.0,531417.8589026507,3632.012989787634,4265271.627515027,0.6834570816433504,False
Lithuania,LT,LTU,2026-03-04 04:10:44.722,2661708.0,1397806.0,9897.0,1387478.0,431.0,10540357.0,525153.7734417149,3718.289158690585,3959997.490333275,0.7080381683867433,False
Israel,IL,ISR,2026-03-04 04:10:44.690,9326000.0,4841772.0,12707.0,4798473.0,30592.0,41373364.0,519169.2043748659,1362.534848809779,4436346.129101437,0.262445236991746,False
Seychelles,SC,SYC,2026-03-04 04:10:44.830,99426.0,51220.0,172.0,51048.0,0.0,0.0,515157.0011868123,1729.9297970349808,0.0,0.3358063256540414,False
Guadeloupe,GP,GLP,2026-03-04 04:10:44.795,399794.0,203235.0,1021.0,0.0,202214.0,938039.0,508349.2998894431,2553.8152148356403,2346305.847511468,0.5023740989494919,False
Switzerland,CH,CHE,2026-03-04 04:10:44.696,8773637.0,4453053.0,14452.0,4438309.0,292.0,23833472.0,507549.2637773822,1647.2074237855977,2716487.130707596,0.3245413876726821,False
Singapore,SG,SGP,2026-03-04 04:10:44.702,5943546.0,3006155.0,2024.0,3004131.0,0.0,24756666.0,505784.7621605015,340.53745020228666,4165302.329619389,0.06732853096397225,False
Netherlands,NL,NLD,2026-03-04 04:10:44.665,17211447.0,8635786.0,22992.0,8612599.0,195.0,25984435.0,501746.65732637123,1335.8551433821922,1509718.2125361103,0.2662409652115048,False
Nauru,NR,NRU,2026-03-04 04:10:44.903,10903.0,5393.0,1.0,5347.0,45.0,20509.0,494634.5042648812,91.71787581399614,1881041.915069247,0.018542555164101613,False
Estonia,EE,EST,2026-03-04 04:10:44.756,1321910.0,628070.0,3001.0,0.0,625069.0,6968103.0,475123.1173075323,2270.1999379685453,5271238.586590615,0.4778129826293247,False
Montenegro,ME,MNE,2026-03-04 04:10:44.785,627950.0,296542.0,2846.0,291794.0,1902.0,2769281.0,472238.2355283064,4532.207978342225,4410034.238394776,0.9597291446068348,False
Georgia,GE,GEO,2026-03-04 04:10:44.713,3968738.0,1861665.0,17132.0,0.0,1844533.0,16920079.0,469082.3632096651,4316.73746163138,4263339.88285445,0.9202514953012492,False
Cayman Islands,KY,CYM,2026-03-04 04:10:44.851,67277.0,31472.0,37.0,8553.0,22882.0,222773.0,467797.3155759026,549.9650697861082,3311280.2294989373,0.1175648195221149,False
Germany,DE,DEU,2026-03-04 04:10:44.641,83883596.0,38828995.0,183027.0,38240600.0,405368.0,122332384.0,462891.39774122223,2181.916473871721,1458358.8428898542,0.47136682265405017,False
Australia,AU,AUS,2026-03-04 04:10:44.659,26068792.0,11853144.0,24414.0,11820014.0,8716.0,81916639.0,454687.1216740691,936.5221065862967,3142325.8507720646,0.20597066904780706,False
Italy,IT,ITA,2026-03-04 04:10:44.648,60262770.0,26723249.0,196487.0,26361218.0,165544.0,281126449.0,443445.41414209804,3260.5039562569063,4665010.403604082,0.7352661347428225,False
Isle of Man,IM,IMN,2026-03-04 04:10:44.844,85732.0,38008.0,116.0,0.0,37892.0,150753.0,443335.0440908879,1353.0537022348715,1758421.5928708066,0.3051989054935803,False
Czechia,CZ,CZE,2026-03-04 04:10:44.693,10736784.0,4759041.0,43517.0,4715206.0,318.0,57834241.0,443246.41345117864,4053.0758558614943,5386551.59682825,0.914406915174717,False
Caribbean Netherlands,BQ,BES,2026-03-04 04:10:44.883,26647.0,11682.0,38.0,10476.0,1168.0,30126.0,438398.31876008556,1426.0517131384395,1130558.7871054902,0.32528676596473205,False
Monaco,MC,MCO,2026-03-04 04:10:44.870,39783.0,17181.0,67.0,0.0,17114.0,78646.0,431867.88326672197,1684.13644018802,1976874.5444033884,0.3899656597404109,False
Taiwan,TW,TWN,2026-03-04 04:10:44.662,23888595.0,10241523.0,19005.0,10222518.0,0.0,30742304.0,428720.1905344371,795.5679268705422,1286902.97608545,0.18556810349398228,False
Belgium,BE,BEL,2026-03-04 04:10:44.686,11668278.0,4861695.0,34376.0,4826798.0,521.0,37454182.0,416659.16770238074,2946.1073861970035,3209915.1220085775,0.7070784983426562,False
Aruba,AW,ABW,2026-03-04 04:10:44.836,107609.0,44224.0,292.0,42438.0,1494.0,177885.0,410969.3427129701,2713.527678911615,1653068.0519287419,0.66027496382055,False
Cook Islands,CK,COK,2026-03-04 04:10:44.896,17571.0,7203.0,2.0,7150.0,51.0,19690.0,409936.8277275056,113.82391440441637,1120596.4373114791,0.027766208524226017,False
Bahrain,BH,BHR,2026-03-04 04:10:44.749,1783983.0,729549.0,1574.0,727915.0,60.0,10948549.0,408943.9193086481,882.2954030391545,6137137.517566031,0.2157497303128371,False
Hong Kong,HK,HKG,2026-03-04 04:10:44.704,7604299.0,2937609.0,14924.0,2916005.0,6680.0,76127725.0,386308.9812749341,1962.574065012436,10011143.038957305,0.5080322125919413,False
Barbados,BB,BRB,2026-03-04 04:10:44.806,288023.0,110578.0,648.0,108647.0,1283.0,814159.0,383920.7285529281,2249.8203268488974,2826715.2276033508,0.5860116840601204,False
UK,GB,GBR,2026-03-04 04:10:44.652,68497907.0,24910387.0,232112.0,24678275.0,0.0,522526476.0,363666.39640536753,3388.5998881688456,7628356.819720054,0.9317880127675254,False
Saint Helena,SH,SHN,2026-03-04 04:10:44.910,6115.0,2166.0,0.0,2.0,2164.0,0.0,354210.95666394115,0.0,0.0,0.0,False
Ireland,IE,IRL,2026-03-04 04:10:44.716,5020199.0,1734582.0,9491.0,1724921.0,170.0,13083449.0,345520.56601740286,1890.562505589918,2606161.4290588875,0.5471635241228145,False
Maldives,MV,MDV,2026-03-04 04:10:44.798,540985.0,186694.0,316.0,163687.0,22691.0,2213831.0,345100.1414087267,584.1197075704501,4092222.5200329027,0.16926092964958703,False
Palau,PW,PLW,2026-03-04 04:10:44.901,18233.0,6290.0,10.0,6276.0,4.0,71434.0,344978.8844403006,548.456096089508,3917841.2768057915,0.1589825119236884,False
Slovakia,SK,SVK,2026-03-04 04:10:44.712,5460193.0,1877605.0,21224.0,1856381.0,0.0,7448789.0,343871.5444673842,3887.042088072711,1364198.8479161817,1.1303761973365005,False
USA,US,USA,2026-03-04 04:10:44.635,334805269.0,111820082.0,1219487.0,109814428.0,786167.0,1186851502.0,333985.4307967895,3642.3769662955933,3544900.9077572194,1.090579597321347,False
Wallis and Futuna,WF,WLF,2026-03-04 04:10:44.907,10982.0,3550.0,8.0,438.0,3104.0,20508.0,323256.23747951194,728.4647605172099,1867419.4135858677,0.22535211267605634,False
Croatia,HR,HRV,2026-03-04 04:10:44.725,4059286.0,1309728.0,18687.0,1258432.0,32609.0,5660084.0,322649.8453176248,4603.518943971921,1394354.5736861115,1.4267847980649417,False
French Guiana,GF,GUF,2026-03-04 04:10:44.809,314169.0,98041.0,420.0,11254.0,86367.0,651257.0,312064.5257807104,1336.860097590787,2072951.1823254363,0.42839220326190064,False
Saint Martin,MF,MAF,2026-03-04 04:10:44.879,39730.0,12324.0,63.0,0.0,12261.0,112382.0,310193.80820538633,1585.7034986156557,2828643.3425622955,0.5111976630963972,False
Bermuda,BM,BMU,2026-03-04 04:10:44.864,61939.0,18860.0,165.0,18685.0,10.0,1029558.0,304493.1303379131,2663.911267537416,16622128.22292901,0.8748674443266171,False
Serbia,RS,SRB,2026-03-04 04:10:44.708,8653016.0,2615054.0,18057.0,2596608.0,389.0,13463733.0,302213.00873591355,2086.7868498105167,1555958.408027906,0.6905019934578789,False
Mongolia,MN,MNG,2026-03-04 04:10:44.741,3378078.0,1011496.0,2284.0,1009212.0,0.0,4030048.0,299429.4388702689,676.1241155473616,1193000.280040899,0.22580415542918608,False
Spain,ES,ESP,2026-03-04 04:10:44.657,46719142.0,13914811.0,121760.0,13762417.0,30634.0,471036328.0,297839.6092976194,2606.2122459355096,10082298.343578314,0.8750388345195634,False
Uruguay,UY,URY,2026-03-04 04:10:44.739,3496016.0,1041111.0,7664.0,1030944.0,2503.0,6114822.0,297799.26636491367,2192.209646637773,1749082.956142077,0.7361366847531147,False
Montserrat,MS,MSR,2026-03-04 04:10:44.912,4965.0,1403.0,8.0,1376.0,19.0,17762.0,282578.0463242699,1611.2789526686809,3577442.094662639,0.5702066999287242,False
Chile,CL,CHL,2026-03-04 04:10:44.682,19250195.0,5384853.0,64497.0,5252450.0,67906.0,50382097.0,279729.7897501818,3350.4595667732196,2617225.280055605,1.1977485736379432,False
French Polynesia,PF,PYF,2026-03-04 04:10:44.816,284164.0,79254.0,650.0,0.0,78604.0,0.0,278902.3240100787,2287.4114947706257,0.0,0.8201478789714084,False
Curaçao,CW,CUW,2026-03-04 04:10:44.834,165529.0,45986.0,295.0,44720.0,971.0,496693.0,277812.34708117606,1782.1650586906223,3000640.371173631,0.6414995868307746,False
New Caledonia,NC,NCL,2026-03-04 04:10:44.814,290915.0,80064.0,314.0,0.0,79750.0,98964.0,275214.4097073028,1079.353075640651,340181.84005637385,0.3921862509992006,False
Norway,NO,NOR,2026-03-04 04:10:44.720,5511370.0,1509732.0,6638.0,1503094.0,0.0,11002430.0,273930.43834835984,1204.419227887077,1996314.8908529095,0.43968068504873714,False
Malta,MT,MLT,2026-03-04 04:10:44.805,444033.0,121420.0,885.0,120149.0,386.0,2170600.0,273448.1446198819,1993.0951077960424,4888375.413539084,0.7288749794103113,False
Finland,FI,FIN,2026-03-04 04:10:44.719,5554960.0,1516117.0,11958.0,1503989.0,170.0,12108977.0,272930.3181301035,2152.670766306148,2179849.5398706743,0.7887254083952624,False
Sweden,SE,SWE,2026-03-04 04:10:44.705,10218971.0,2754129.0,27407.0,2726492.0,230.0,19500873.0,269511.3823104107,2681.972578256656,1908301.0412692237,0.9951240482925817,False
Japan,JP,JPN,2026-03-04 04:10:44.646,125584838.0,33803572.0,74694.0,0.0,33728878.0,100414883.0,269169.2129268025,594.7692507275441,799578.074862827,0.2209648140143296,False
Marshall Islands,MH,MHL,2026-03-04 04:10:44.874,60057.0,16138.0,17.0,16121.0,0.0,0.0,268711.39084536355,283.06442213230764,0.0,0.10534143016482836,False
Anguilla,AI,AIA,2026-03-04 04:10:44.905,15230.0,3904.0,12.0,0.0,3892.0,51382.0,256336.1785948785,787.9185817465528,3373736.047275115,0.3073770491803279,False
Sint Maarten,SX,SXM,2026-03-04 04:10:44.884,43966.0,11051.0,92.0,10905.0,54.0,62056.0,251353.31847336577,2092.5260428512943,1411454.3055997817,0.8325038458058095,False
Tuvalu,TV,TUV,2026-03-04 04:10:44.909,12066.0,2943.0,1.0,0.0,2942.0,0.0,243908.50323222278,82.8775070445881,0.0,0.03397893306150187,False
British Virgin Islands,VG,VGB,2026-03-04 04:10:44.895,30596.0,7392.0,64.0,0.0,7328.0,107339.0,241600.20917767027,2091.776702836972,3508269.0547784027,0.8658008658008658,False
Costa Rica,CR,CRI,2026-03-04 04:10:44.731,5182354.0,1238883.0,9428.0,0.0,1229455.0,4659757.0,239057.9647781684,1819.2504796083015,899158.3747463026,0.7610081016528599,False
Panama,PA,PAN,2026-03-04 04:10:44.738,4446964.0,1059893.0,8727.0,1051102.0,64.0,7882622.0,238340.80959504057,1962.4624800200766,1772585.0715229537,0.8233850020709638,False
Hungary,HU,HUN,2026-03-04 04:10:44.710,9606259.0,2230232.0,49048.0,2152155.0,29029.0,11394556.0,232164.46693764973,5105.837766814324,1186159.5653417213,2.1992330842710532,False
Micronesia,FM,FSM,2026-03-04 04:10:44.856,117489.0,26547.0,65.0,0.0,26482.0,82430.0,225953.06794678653,553.243282349837,701597.596370724,0.24484875880513807,False
Dominica,DM,DMA,2026-03-04 04:10:44.875,72344.0,16038.0,74.0,15964.0,0.0,229344.0,221690.8105717129,1022.8906336392791,3170186.8848833353,0.46140416510786886,False
Argentina,AR,ARG,2026-03-04 04:10:44.664,46010234.0,10128845.0,130841.0,9997258.0,746.0,35716069.0,220143.30550894394,2843.7368955784923,776263.5808372545,1.2917662379076786,False
Greenland,GL,GRL,2026-03-04 04:10:44.881,56973.0,11971.0,21.0,2761.0,9189.0,164926.0,210117.07299949098,368.59565057132323,2894809.822196479,0.1754239411912121,False
Turkey,TR,TUR,2026-03-04 04:10:44.656,85561976.0,17232066.0,102174.0,0.0,17129892.0,162743369.0,201398.6446502825,1194.1519443169477,1902052.4841548775,0.59292948390518,False
Bulgaria,BG,BGR,2026-03-04 04:10:44.724,6844597.0,1339851.0,38748.0,1292944.0,8159.0,11671043.0,195753.0881657459,5661.107586027344,1705146.8479444443,2.891963360104967,False
Lebanon,LB,LBN,2026-03-04 04:10:44.729,6684849.0,1243838.0,10952.0,1087587.0,145299.0,4795578.0,186068.22682157817,1638.3316960487814,717380.1532390635,0.8805005153404221,False
Romania,RO,ROU,2026-03-04 04:10:44.700,19031335.0,3529735.0,68929.0,3460149.0,657.0,28758667.0,185469.64782029216,3621.8688809797104,1511121.894496629,1.9528094885310088,False
N. Korea,KP,PRK,2026-03-04 04:10:44.691,25990679.0,4772813.0,74.0,4772739.0,0.0,0.0,183635.56411896742,2.847174558232973,0.0,0.0015504483414707426,False
Brazil,BR,BRA,2026-03-04 04:10:44.643,215353593.0,38743918.0,711380.0,36249161.0,1783377.0,63776166.0,179908.3890836221,3303.311498499122,296146.28254658374,1.8361075408016299,False
Poland,PL,POL,2026-03-04 04:10:44.672,37739785.0,6661991.0,120598.0,0.0,6541393.0,39323709.0,176524.34956902906,3195.5136999323126,1041969.6084649131,1.8102396115515618,False
Grenada,GD,GRD,2026-03-04 04:10:44.863,113475.0,19693.0,238.0,19358.0,97.0,182981.0,173544.8336638026,2097.378277153558,1612522.5820665346,1.2085512618696999,False
Belize,BZ,BLZ,2026-03-04 04:10:44.819,412190.0,71409.0,688.0,0.0,70721.0,576016.0,173242.92195346806,1669.133166743492,1397452.6310681966,0.9634639891330226,False
Qatar,QA,QAT,2026-03-04 04:10:44.761,2979915.0,514524.0,690.0,513687.0,147.0,4065369.0,172663.98538213337,231.55022878169345,1364256.6985971075,0.1341045315670406,False
Turks and Caicos Islands,TC,TCA,2026-03-04 04:10:44.898,39741.0,6752.0,40.0,6709.0,3.0,616788.0,169900.10316801287,1006.5171988626355,15520193.25130218,0.5924170616113744,False
Jordan,JO,JOR,2026-03-04 04:10:44.714,10300869.0,1746997.0,14122.0,1731007.0,1868.0,17201885.0,169597.05050127325,1370.9522953840108,1669945.0308512805,0.8083585718807761,False
Macedonia,MK,MKD,2026-03-04 04:10:44.775,2081304.0,350567.0,9976.0,337068.0,3523.0,2226216.0,168436.23036327228,4793.148910490731,1069625.5808858292,2.84567571961993,False
Russia,RU,RUS,2026-03-04 04:10:44.654,145805947.0,24124215.0,402756.0,23545818.0,175641.0,273400000.0,165454.25955773942,2762.2741615607765,1875094.9849802766,1.6695092462075969,False
Saint Lucia,LC,LCA,2026-03-04 04:10:44.852,185113.0,30215.0,410.0,29805.0,0.0,210983.0,163224.62495880894,2214.8633537352857,1139752.4755149558,1.3569419162667549,False
Malaysia,MY,MYS,2026-03-04 04:10:44.683,33181072.0,5278406.0,37348.0,5233268.0,7790.0,68580916.0,159078.8266274218,1125.5814760897417,2066868.6050890698,0.7075620935562744,False
Moldova,MD,MDA,2026-03-04 04:10:44.755,4013171.0,635145.0,12218.0,0.0,622927.0,3216305.0,158265.12251782944,3044.475303942942,801437.3172735475,1.9236552283336876,False
Tonga,TO,TON,2026-03-04 04:10:44.872,107749.0,16950.0,13.0,15638.0,1299.0,535009.0,157310.04464078552,120.65077170089745,4965326.824378881,0.07669616519174041,False
Kuwait,KW,KWT,2026-03-04 04:10:44.753,4380326.0,667158.0,2570.0,0.0,664588.0,8455743.0,152307.84192774692,586.7143221760207,1930391.2539842925,0.3852160957374415,False
Armenia,AM,ARM,2026-03-04 04:10:44.767,2971966.0,451831.0,8777.0,435162.0,7892.0,3242901.0,152031.01246784115,2953.2639337058363,1091163.559744627,1.9425404631377663,False
Mayotte,YT,MYT,2026-03-04 04:10:44.839,286259.0,42027.0,188.0,0.0,41839.0,176919.0,146814.59796897214,656.7479101093764,618038.2101523445,0.44733147738358675,False
Suriname,SR,SUR,2026-03-04 04:10:44.813,596831.0,82588.0,1408.0,0.0,81180.0,242207.0,138377.53065775736,2359.1267879852085,405821.74853518,1.7048481619605753,False
Trinidad and Tobago,TT,TTO,2026-03-04 04:10:44.797,1406585.0,191496.0,4390.0,187078.0,28.0,913289.0,136142.50116416713,3121.0342780564274,649295.2789913159,2.2924760830513433,False
Peru,PE,PER,2026-03-04 04:10:44.695,33684208.0,4572667.0,222161.0,4350506.0,0.0,39010194.0,135751.06174382963,6595.4051821553885,1158115.2212336417,4.858455688988505,False
Botswana,BW,BWA,2026-03-04 04:10:44.785,2441162.0,330638.0,2801.0,327049.0,788.0,2026898.0,135442.87515535633,1147.404391842901,830300.4880462665,0.8471500553475403,False
Canada,CA,CAN,2026-03-04 04:10:44.685,38388419.0,4946090.0,59034.0,4881312.0,5744.0,66572774.0,128843.2847416821,1537.8075351318846,1734189.001115154,1.1935488436320407,False
Ukraine,UA,UKR,2026-03-04 04:10:44.681,43192122.0,5557995.0,112418.0,5445577.0,0.0,32603805.0,128680.75803268011,2602.743157652685,754855.3645963493,2.0226358605936134,False
Colombia,CO,COL,2026-03-04 04:10:44.674,51512762.0,6400173.0,143200.0,6212152.0,44821.0,36951507.0,124244.41539360673,2779.893650431712,717327.2324244622,2.2374395192129963,False
Bosnia,BA,BIH,2026-03-04 04:10:44.769,3249317.0,403615.0,16388.0,379084.0,8143.0,1884721.0,124215.33509965325,5043.521453893233,580036.0506531065,4.060304993620158,False
Saint Kitts and Nevis,KN,KNA,2026-03-04 04:10:44.900,53871.0,6607.0,48.0,6559.0,0.0,126958.0,122644.83673961872,891.0174305284847,2356703.97802157,0.7265021946420462,False
Vietnam,VN,VNM,2026-03-04 04:10:44.660,98953541.0,11625195.0,43206.0,10640971.0,941018.0,85826548.0,117481.34409864119,436.6291449843113,867341.856922533,0.37165828186107847,False
Albania,AL,ALB,2026-03-04 04:10:44.784,2866374.0,334863.0,3605.0,330233.0,1025.0,1941032.0,116824.60139535175,1257.6865405561173,677173.3207180919,1.0765596676849936,False
Palestine,PS,PSE,2026-03-04 04:10:44.757,5345541.0,621008.0,5404.0,615445.0,159.0,3078533.0,116173.08706452724,1010.9360306094369,575906.7230052113,0.8701981294926957,False
Paraguay,PY,PRY,2026-03-04 04:10:44.748,7305843.0,837602.0,20155.0,0.0,817447.0,2657506.0,114648.2342968498,2758.7507697605874,363750.76770743635,2.4062741015422597,False
Cabo Verde,CV,CPV,2026-03-04 04:10:44.822,567678.0,64477.0,417.0,63755.0,305.0,401622.0,113580.23386497275,734.571359115555,707482.0584909051,0.6467422491741242,False
UAE,AE,ARE,2026-03-04 04:10:44.737,10081785.0,1067030.0,2349.0,0.0,1064681.0,200732262.0,105837.40875251754,232.99445485100108,19910389.08288562,0.2201437635305474,False
Belarus,BY,BLR,2026-03-04 04:10:44.743,9432800.0,994037.0,7118.0,985592.0,1327.0,13646641.0,105380.90492748708,754.6009668391146,1446722.1821728437,0.7160699249625517,False
Bolivia,BO,BOL,2026-03-04 04:10:44.732,11992656.0,1212131.0,22407.0,1177145.0,12579.0,2710261.0,101072.77320386743,1868.393456795559,225993.3912888021,1.8485625728572244,False
Cuba,CU,CUB,2026-03-04 04:10:44.734,11305652.0,1115251.0,8530.0,1106660.0,61.0,14402674.0,98645.43858240108,754.4898781600566,1273935.7270151249,0.7648502444741139,False
Tunisia,TN,TUN,2026-03-04 04:10:44.733,12046656.0,1153361.0,29423.0,0.0,1123938.0,5013383.0,95741.17497835084,2442.42053562416,416163.87153414194,2.551065971538833,False
Bahamas,BS,BHS,2026-03-04 04:10:44.843,400516.0,38084.0,844.0,36366.0,874.0,257839.0,95087.33733483806,2107.281606727322,643767.0405177322,2.2161537653607817,False
Guyana,GY,GUY,2026-03-04 04:10:44.818,794045.0,74137.0,1300.0,72013.0,824.0,733218.0,93366.2449861154,1637.1868093118146,923396.0291923003,1.7535103929212135,False
Antigua and Barbuda,AG,ATG,2026-03-04 04:10:44.890,99509.0,9106.0,146.0,8954.0,6.0,18901.0,91509.31071561367,1467.2039715000653,189942.61825563517,1.6033384581594552,False
Iran,IR,IRN,2026-03-04 04:10:44.668,86022837.0,7627186.0,146811.0,0.0,7480375.0,57320267.0,88664.6647099072,1706.6514558221324,666337.7888827359,1.9248383348721272,False
Saint Vincent and the Grenadines,VC,VCT,2026-03-04 04:10:44.887,111551.0,9674.0,124.0,9493.0,57.0,114197.0,86722.6649693862,1111.599178850929,1023720.0921551577,1.281786231135001,False
Samoa,WS,WSM,2026-03-04 04:10:44.871,202239.0,17006.0,31.0,1605.0,15370.0,187397.0,84088.62781164859,153.28398577920183,926611.5833246802,0.18228860402210986,False
Azerbaijan,AZ,AZE,2026-03-04 04:10:44.749,10300205.0,835234.0,10400.0,824089.0,745.0,7748050.0,81089.06570306125,1009.6886421192587,752222.8926511657,1.2451600389830875,False
Bhutan,BT,BTN,2026-03-04 04:10:44.825,787941.0,62697.0,21.0,61564.0,1112.0,2303734.0,79570.67851526954,26.651741691319526,2923739.213976681,0.03349442557060146,False
Fiji,FJ,FJI,2026-03-04 04:10:44.820,909466.0,69117.0,885.0,67226.0,1006.0,672883.0,75997.34349607352,973.0984995590819,739866.0312754958,1.2804375189895394,False
Oman,OM,OMN,2026-03-04 04:10:44.771,5323993.0,399449.0,4628.0,0.0,394821.0,25000000.0,75028.08512332755,869.272367563218,4695723.679576589,1.1585959659430867,False
Kazakhstan,KZ,KAZ,2026-03-04 04:10:44.721,19205043.0,1411831.0,13848.0,1383020.0,14963.0,11575012.0,73513.55578844578,721.0606089244371,602706.9035981852,0.9808539407336997,False
Libyan Arab Jamahiriya,LY,LBY,2026-03-04 04:10:44.762,7040745.0,507274.0,6437.0,500835.0,2.0,2483848.0,72048.34147522741,914.2498414585389,352781.9854290988,1.268939468610652,False
Guatemala,GT,GTM,2026-03-04 04:10:44.727,18584039.0,1291293.0,20289.0,1269891.0,1113.0,7593848.0,69483.98031235297,1091.743296492221,408622.0438947637,1.571215827856265,False
Thailand,TH,THA,2026-03-04 04:10:44.692,70078203.0,4770149.0,34586.0,4692636.0,42927.0,17273454.0,68068.94006685645,493.53434476623204,246488.25541374114,0.7250507269269786,False
South Africa,ZA,ZAF,2026-03-04 04:10:44.699,60756135.0,4076463.0,102595.0,3912506.0,61362.0,26795090.0,67095.49578820312,1688.6360529681488,441026.90205688693,2.5167651466479644,False
Namibia,NA,NAM,2026-03-04 04:10:44.798,2633874.0,172389.0,4106.0,167099.0,1184.0,1062663.0,65450.73910141487,1558.920434310829,403460.0743999143,2.381822506076374,False
Swaziland,SZ,SWZ,2026-03-04 04:10:44.817,1184817.0,75191.0,1427.0,73116.0,648.0,1048704.0,63462.12115457493,1204.4054060669284,885118.9677393218,1.8978335173092526,False
Dominican Republic,DO,DOM,2026-03-04 04:10:44.751,11056370.0,675890.0,4384.0,671316.0,190.0,3740928.0,61131.27545478308,396.51350307560256,338350.47126679006,0.6486262557516755,False
Ecuador,EC,ECU,2026-03-04 04:10:44.736,18113361.0,1070188.0,36043.0,1034145.0,0.0,3082403.0,59082.795291276976,1989.8571005127098,170172.89060820904,3.3679129274482613,False
Mexico,MX,MEX,2026-03-04 04:10:44.667,131562772.0,7702809.0,334958.0,6899865.0,467986.0,20013810.0,58548.54593668793,2545.9937861449134,152123.65698709968,4.348517534317676,False
Iraq,IQ,IRQ,2026-03-04 04:10:44.709,42164965.0,2465545.0,25375.0,2439497.0,673.0,19544451.0,58473.78267715863,601.8029423242732,463523.4726270969,1.029184216876999,False
Tokelau,TK,TKL,2026-03-04 04:10:44.917,1378.0,80.0,0.0,0.0,80.0,0.0,58055.15239477504,0.0,0.0,0.0,False
Jamaica,JM,JAM,2026-03-04 04:10:44.801,2985094.0,156869.0,3756.0,0.0,153113.0,1183986.0,52550.77394547709,1258.2518339455976,396632.7358535443,2.394354525113311,False
Honduras,HN,HND,2026-03-04 04:10:44.766,10221247.0,474590.0,11165.0,0.0,463425.0,1660662.0,46431.7122949871,1092.3324717620071,162471.56535792552,2.3525569438884086,False
Macao,MO,MAC,2026-03-04 04:10:44.854,667490.0,27673.0,123.0,3487.0,24063.0,7850.0,41458.29900073409,184.2724235569072,11760.475812371722,0.44447656560546384,False
Kiribati,KI,KIR,2026-03-04 04:10:44.904,123419.0,5085.0,24.0,2703.0,2358.0,0.0,41201.11166027921,194.45952406031486,0.0,0.471976401179941,False
Vanuatu,VU,VUT,2026-03-04 04:10:44.880,321832.0,12019.0,14.0,11976.0,29.0,24976.0,37345.571602575255,43.50095702105447,77605.70732556116,0.11648223645894001,False
Philippines,PH,PHL,2026-03-04 04:10:44.698,112508994.0,4140383.0,66864.0,4067381.0,6138.0,36102746.0,36800.46237014615,594.2991544302671,320887.643880275,1.6149230638808052,False
Holy See (Vatican City State),VA,VAT,2026-03-04 04:10:44.919,799.0,29.0,0.0,29.0,0.0,0.0,36295.36921151439,0.0,0.0,0.0,False
Solomon Islands,SB,SLB,2026-03-04 04:10:44.858,721159.0,25954.0,199.0,0.0,25755.0,0.0,35989.2894632113,275.94469458191605,0.0,0.7667411574323804,False
Morocco,MA,MAR,2026-03-04 04:10:44.729,37772756.0,1278992.0,16303.0,0.0,1262689.0,13001033.0,33860.17160092846,431.607373314248,344190.7442496385,1.2746756820996534,False
Mauritius,MU,MUS,2026-03-04 04:10:44.838,1274727.0,43025.0,1051.0,41278.0,696.0,358675.0,33752.325007629086,824.4902634054193,281373.9726231577,2.442765833817548,False
Nepal,NP,NPL,2026-03-04 04:10:44.742,30225582.0,1003450.0,12031.0,991322.0,97.0,6047766.0,33198.69903580351,398.04030903358614,200087.6608430567,1.1989635756639594,False
India,IN,IND,2026-03-04 04:10:44.637,1406631776.0,45035393.0,533570.0,0.0,44501823.0,935879495.0,32016.4763574913,379.32457456442387,665333.679338124,1.1847792690517878,False
Sri Lanka,LK,LKA,2026-03-04 04:10:44.752,21575842.0,672754.0,16897.0,655852.0,5.0,6486117.0,31180.89203656571,783.1444075276413,300619.4149920082,2.5116164303742528,False
El Salvador,SV,SLV,2026-03-04 04:10:44.796,6550389.0,201855.0,4230.0,179410.0,18215.0,2610114.0,30815.72712704543,645.7631752862311,398467.0223401999,2.0955636471724755,False
Kyrgyzstan,KG,KGZ,2026-03-04 04:10:44.794,6728271.0,206897.0,2991.0,196406.0,7500.0,1907195.0,30750.39634996866,444.5421416586817,283459.8963091707,1.44564686776512,False
Sao Tome and Principe,ST,STP,2026-03-04 04:10:44.897,227679.0,6778.0,80.0,6685.0,13.0,29600.0,29769.98317807088,351.37188761370174,130007.59841706966,1.1802891708468575,False
Lao People's Democratic Republic,LA,LAO,2026-03-04 04:10:44.792,7481023.0,218970.0,758.0,0.0,218212.0,1233207.0,29270.061059830987,101.32304097982322,164844.70105224912,0.3461661414805681,False
Indonesia,ID,IDN,2026-03-04 04:10:44.670,279134505.0,6829221.0,162063.0,6647104.0,20054.0,114158919.0,24465.69978870939,580.5910666615723,408974.5873588792,2.373081790734258,False
Saudi Arabia,SA,SAU,2026-03-04 04:10:44.746,35844909.0,841469.0,9646.0,0.0,831823.0,45481735.0,23475.272318308856,269.1037658932263,1268847.829966593,1.1463286229201552,False
Gabon,GA,GAB,2026-03-04 04:10:44.831,2331533.0,49051.0,307.0,48674.0,70.0,1621909.0,21038.089531651494,131.67302371444026,695640.5935493943,0.6258791869686653,False
Venezuela,VE,VEN,2026-03-04 04:10:44.759,29266991.0,552695.0,5856.0,546537.0,302.0,3359014.0,18884.585709545612,200.0888987870328,114771.41602975174,1.0595355485394296,False
Zambia,ZM,ZMB,2026-03-04 04:10:44.777,19470234.0,349304.0,4069.0,341316.0,3919.0,4112961.0,17940.410988383603,208.9856752620436,211243.53205,1.1648878913496552,False
Zimbabwe,ZW,ZWE,2026-03-04 04:10:44.788,15331428.0,266359.0,5740.0,258888.0,1731.0,2525756.0,17373.397963973086,374.3943486542806,164743.68858530335,2.1549863154614637,False
Timor-Leste,TL,TLS,2026-03-04 04:10:44.860,1369429.0,23460.0,138.0,23102.0,220.0,278529.0,17131.22768686803,100.77192756981195,203390.6102470446,0.5882352941176471,False
Lesotho,LS,LSO,2026-03-04 04:10:44.845,2175699.0,36138.0,723.0,25980.0,9435.0,431221.0,16609.83435668261,332.3069965100871,198198.83173177906,2.0006641208699985,False
Djibouti,DJ,DJI,2026-03-04 04:10:44.876,1016097.0,15690.0,189.0,15427.0,74.0,305941.0,15441.439153939044,186.00586361341485,301094.2852896918,1.2045889101338432,False
Mauritania,MR,MRT,2026-03-04 04:10:44.824,4901981.0,63848.0,997.0,62471.0,380.0,1009957.0,13024.938285154512,203.38716123134708,206030.37833071977,1.561521112642526,False
Bangladesh,BD,BGD,2026-03-04 04:10:44.711,167885689.0,2049377.0,29493.0,0.0,2019884.0,15254399.0,12206.978523345131,175.6731033816706,90861.81848412345,1.4391202789921036,False
Myanmar,MM,MMR,2026-03-04 04:10:44.754,55227143.0,641873.0,19495.0,620159.0,2219.0,11711514.0,11622.41907027492,352.996713952775,212060.8339272593,3.0372051792176955,False
Equatorial Guinea,GQ,GNQ,2026-03-04 04:10:44.869,1496662.0,17229.0,183.0,16907.0,139.0,365697.0,11511.61718544334,122.27209617134665,244341.74182280301,1.062162632770329,False
Comoros,KM,COM,2026-03-04 04:10:44.889,907419.0,9109.0,161.0,8939.0,9.0,0.0,10038.361550727943,177.42630471700505,0.0,1.7674827094082777,False
Rwanda,RW,RWA,2026-03-04 04:10:44.803,13600464.0,133518.0,1468.0,132039.0,11.0,6021981.0,9817.165061427315,107.93749389726703,442777.6140578733,1.0994772240446982,False
Cambodia,KH,KHM,2026-03-04 04:10:44.802,17168639.0,139103.0,3056.0,136044.0,3.0,3091420.0,8102.156495922594,177.99896660416707,180062.03054301508,2.196933207766907,False
Uzbekistan,UZ,UZB,2026-03-04 04:10:44.789,34382084.0,253662.0,1637.0,241486.0,10539.0,1377915.0,7377.737777616971,47.612006299559965,40076.54102642527,0.6453469577626921,False
Mozambique,MZ,MOZ,2026-03-04 04:10:44.791,33089461.0,233731.0,2250.0,228805.0,2676.0,1371127.0,7063.608561046069,67.99748113153007,41436.969916191745,0.9626450920074787,False
Pakistan,PK,PAK,2026-03-04 04:10:44.717,229488994.0,1581936.0,30664.0,1538689.0,12583.0,30589153.0,6893.297898198987,133.618608306767,133292.46194699864,1.9383843594178274,False
Kenya,KE,KEN,2026-03-04 04:10:44.779,56215221.0,344130.0,5689.0,337309.0,1132.0,3967062.0,6121.651643066564,101.20034927906804,70569.17911965515,1.6531543312120418,False
Algeria,DZ,DZA,2026-03-04 04:10:44.786,45350148.0,272010.0,6881.0,183061.0,82068.0,230960.0,5997.99586100579,151.73048608352943,5092.816896650481,2.5296864085879194,False
Afghanistan,AF,AFG,2026-03-04 04:10:44.790,40754388.0,234174.0,7996.0,211080.0,15098.0,1390730.0,5745.982493958688,196.1997319159841,34124.66898042979,3.414554989025255,False
Ghana,GH,GHA,2026-03-04 04:10:44.800,32395450.0,171889.0,1462.0,170425.0,2.0,2541625.0,5305.961176646721,45.12979446187659,78456.2338229597,0.8505489007440848,False
Senegal,SN,SEN,2026-03-04 04:10:44.811,17653671.0,89053.0,1971.0,87024.0,58.0,1146543.0,5044.446562983982,111.64816654847596,64946.43522018735,2.213288715708623,False
Papua New Guinea,PG,PNG,2026-03-04 04:10:44.833,9292169.0,46864.0,670.0,46168.0,26.0,249149.0,5043.38653332715,72.10372519053409,26812.792578352804,1.4296688289518606,False
Gambia,GM,GMB,2026-03-04 04:10:44.878,2558482.0,12626.0,372.0,12189.0,65.0,155686.0,4934.957525595255,145.39871689540905,60850.92644779209,2.946301283066688,False
Egypt,EG,EGY,2026-03-04 04:10:44.760,106156692.0,516023.0,24613.0,442182.0,49228.0,3693367.0,4860.955915996327,231.855378462622,34791.6549622703,4.769748635235251,False
Guinea-Bissau,GW,GNB,2026-03-04 04:10:44.888,2063367.0,9614.0,177.0,8929.0,508.0,145231.0,4659.374701640571,85.78212213338684,70385.44282233845,1.841065113376326,False
Togo,TG,TGO,2026-03-04 04:10:44.840,8680837.0,39572.0,290.0,39281.0,1.0,815204.0,4558.546600978684,33.40691686757855,93908.45606247417,0.7328414030122309,False
Cameroon,CM,CMR,2026-03-04 04:10:44.804,27911548.0,125379.0,1974.0,123280.0,125.0,1751774.0,4492.011693511231,70.72341526883424,62761.621103924444,1.5744263393391238,False
Malawi,MW,MWI,2026-03-04 04:10:44.810,20180839.0,89535.0,2686.0,0.0,86849.0,624784.0,4436.634175615791,133.0965476707881,30959.267848081046,2.9999441559166806,False
Congo,CG,COG,2026-03-04 04:10:44.859,5797805.0,25375.0,386.0,24006.0,983.0,347815.0,4376.6563380451735,66.5769200585394,59990.80686570176,1.5211822660098522,False
Burundi,BI,BDI,2026-03-04 04:10:44.828,12624840.0,54721.0,38.0,53569.0,1114.0,345742.0,4334.391564566363,3.0099391358623158,27385.852018718655,0.06944317538056688,False
Ethiopia,ET,ETH,2026-03-04 04:10:44.763,120812698.0,501157.0,7574.0,488171.0,5412.0,5565340.0,4148.214618963315,62.69208556206567,46065.853110903954,1.5113028452161696,False
Uganda,UG,UGA,2026-03-04 04:10:44.799,48432863.0,172149.0,3632.0,100431.0,68086.0,3012408.0,3554.38413789414,74.99040475885145,62197.60330914157,2.1098002311950697,False
Côte d'Ivoire,CI,CIV,2026-03-04 04:10:44.812,27742298.0,88384.0,835.0,87497.0,52.0,1690934.0,3185.8932522460827,30.098443899636578,60951.47561315937,0.9447411296162201,False
Central African Republic,CF,CAF,2026-03-04 04:10:44.877,5016678.0,15440.0,113.0,15200.0,127.0,81294.0,3077.7339107672447,22.524866056781,16204.747444424378,0.7318652849740932,False
Angola,AO,AGO,2026-03-04 04:10:44.807,35027343.0,107327.0,1937.0,103419.0,1971.0,1499795.0,3064.09195810256,55.299655472012255,42817.83519806227,1.804764877430656,False
Syrian Arab Republic,SY,SYR,2026-03-04 04:10:44.827,19364809.0,57743.0,3165.0,54578.0,0.0,146269.0,2981.8522867950824,163.44080646496437,7553.3407016821075,5.481183866442685,False
Haiti,HT,HTI,2026-03-04 04:10:44.846,11680283.0,34667.0,860.0,33734.0,73.0,132422.0,2967.993155645287,73.6283530116522,11337.225305243031,2.4807453774482937,False
Eritrea,ER,ERI,2026-03-04 04:10:44.885,3662244.0,10189.0,103.0,10086.0,0.0,23693.0,2782.1739894993343,28.124832752814942,6469.530703033441,1.0108941014819903,False
Guinea,GN,GIN,2026-03-04 04:10:44.841,13865691.0,38572.0,468.0,37757.0,347.0,660107.0,2781.830346572702,33.75237483656603,47607.21986376301,1.2133153582909884,False
Nicaragua,NI,NIC,2026-03-04 04:10:44.867,6779100.0,18491.0,225.0,4225.0,14041.0,0.0,2727.6482128896164,33.19024649289729,0.0,1.2168081769509491,False
Madagascar,MG,MDG,2026-03-04 04:10:44.821,29178077.0,68486.0,1426.0,66862.0,198.0,531329.0,2347.1731875956048,48.87230916554234,18209.870376310268,2.082177379318401,False
Benin,BJ,BEN,2026-03-04 04:10:44.854,12784726.0,28036.0,163.0,27847.0,26.0,604310.0,2192.9292813940638,12.749588845314323,47268.12291479692,0.5813953488372093,False
Tajikistan,TJ,TJK,2026-03-04 04:10:44.868,9957464.0,17786.0,125.0,17264.0,397.0,0.0,1786.1977708380366,12.553397130032307,0.0,0.7027999550208028,False
Somalia,SO,SOM,2026-03-04 04:10:44.855,16841795.0,27334.0,1361.0,13182.0,12791.0,400466.0,1622.9861484479534,80.81086368762949,23778.106787310975,4.979146850076828,False
South Sudan,SS,SSD,2026-03-04 04:10:44.865,11618511.0,18819.0,147.0,18115.0,557.0,410280.0,1619.7428396805753,12.652223679953481,35312.614499396695,0.7811254583134066,False
Mali,ML,MLI,2026-03-04 04:10:44.849,21473764.0,33164.0,743.0,32332.0,89.0,804909.0,1544.3962222924683,34.60036163198962,37483.36807650489,2.2403811361717527,False
Liberia,LR,LBR,2026-03-04 04:10:44.891,5305117.0,8090.0,295.0,7783.0,12.0,139824.0,1524.9428052199414,55.606690672420605,26356.44039518827,3.646477132262052,False
Sudan,SD,SDN,2026-03-04 04:10:44.823,45992020.0,63993.0,5046.0,58947.0,0.0,562941.0,1391.39355044636,109.71468528670843,12239.97119500296,7.885237447845858,False
Nigeria,NG,NGA,2026-03-04 04:10:44.787,216746934.0,267188.0,3155.0,259953.0,4080.0,5708974.0,1232.718705954106,14.556145924537045,26339.3529709629,1.1808165037351976,False
DRC,CD,COD,2026-03-04 04:10:44.808,95240792.0,99338.0,1468.0,84489.0,13381.0,846704.0,1043.0194658608045,15.413563549534532,8890.140266788205,1.4777829229499284,False
Burkina Faso,BF,BFA,2026-03-04 04:10:44.861,22102838.0,22114.0,400.0,21596.0,118.0,248995.0,1000.5050030226887,18.097223533014176,11265.295434007161,1.8088088993397848,False
Sierra Leone,SL,SLE,2026-03-04 04:10:44.892,8306436.0,7779.0,126.0,0.0,7653.0,259958.0,936.5027311352305,15.168960550589928,31295.97338738299,1.619745468569225,False
Tanzania,TZ,TZA,2026-03-04 04:10:44.837,63298550.0,43223.0,846.0,0.0,42377.0,0.0,682.8434458609241,13.365235064626281,0.0,1.957291256969669,False
Chad,TD,TCD,2026-03-04 04:10:44.893,17413580.0,7701.0,194.0,4874.0,2633.0,191341.0,442.2410555440065,11.140730395472957,10988.033477320572,2.519153356706921,False
Yemen,YE,YEM,2026-03-04 04:10:44.882,31154867.0,11945.0,2159.0,9124.0,662.0,329592.0,383.4071896374971,69.29896378630022,10579.149639765756,18.07450816241105,False
Niger,NE,NER,2026-03-04 04:10:44.886,26083660.0,9931.0,312.0,8890.0,729.0,254538.0,380.7364457288586,11.961511536341142,9758.523152042313,3.141677575269359,False
China,CN,CHN,2026-03-04 04:10:44.922,1448471400.0,503302.0,5272.0,379053.0,118977.0,160000000.0,347.4711340520772,3.6396990648210243,110461.27662582774,1.0474824260583109,False
Western Sahara,EH,ESH,2026-03-04 04:10:44.920,626161.0,10.0,1.0,9.0,0.0,0.0,15.970333508474656,1.5970333508474657,0.0,10.0,False
MS Zaandam,NONE,NONE,2026-03-04 04:10:44.921,0.0,9.0,2.0,7.0,0.0,0.0,,,,22.22222222222222,False
